timestamp,source,temp_c,humidity_pct
2026-07-13T09:45:47Z,UNI,20.56,
2026-10-01T09:09:32Z,Venek,22.69,
2026-10-01T09:08:54Z,Doma,28.15,
2026-07-13T09:45:47Z,UNI,20.56,
2026-10-01T16:20:43Z,Venek,18.94,
2026-10-01T16:20:47Z,Doma,20.15,
2026-07-13T09:45:47Z,UNI,20.56,
2026-10-01T21:04:24Z,Venek,11.19,
2026-10-01T21:02:41Z,Doma,20.65,
2026-07-13T09:45:47Z,UNI,20.56,
2026-10-02T00:39:57Z,Venek,8.81,
2026-10-02T00:37:30Z,Doma,19.65,
2026-07-13T09:45:47Z,UNI,20.56,
2026-10-02T06:11:33Z,Venek,11.19,
2026-10-02T06:11:18Z,Doma,37.65,
2026-07-13T09:45:47Z,UNI,20.56,
2026-10-02T12:25:02Z,Venek,24,
2026-10-02T12:27:38Z,Doma,20.65,
